--
-- PostgreSQL database dump
--

-- Dumped from database version 16.6
-- Dumped by pg_dump version 16.6

SET statement_timeout = 0;
SET lock_timeout = 0;
SET idle_in_transaction_session_timeout = 0;
SET client_encoding = 'UTF8';
SET standard_conforming_strings = on;
SELECT pg_catalog.set_config('search_path', '', false);
SET check_function_bodies = false;
SET xmloption = content;
SET client_min_messages = warning;
SET row_security = off;

--
-- Name: tower_sessions; Type: SCHEMA; Schema: -; Owner: adalovelace
--

CREATE SCHEMA tower_sessions;


ALTER SCHEMA tower_sessions OWNER TO adalovelace;

--
-- Name: leave_type; Type: TYPE; Schema: public; Owner: adalovelace
--

CREATE TYPE public.leave_type AS ENUM (
    'maternity',
    'paternity',
    'vacation',
    'sick',
    'study'
);


ALTER TYPE public.leave_type OWNER TO adalovelace;

--
-- Name: role; Type: TYPE; Schema: public; Owner: adalovelace
--

CREATE TYPE public.role AS ENUM (
    'admin',
    'team_lead',
    'officer',
    'human_resources'
);


ALTER TYPE public.role OWNER TO adalovelace;

--
-- Name: status; Type: TYPE; Schema: public; Owner: adalovelace
--

CREATE TYPE public.status AS ENUM (
    'pending',
    'approved',
    'rejected'
);


ALTER TYPE public.status OWNER TO adalovelace;

SET default_tablespace = '';

SET default_table_access_method = heap;

--
-- Name: leave_requests; Type: TABLE; Schema: public; Owner: adalovelace
--

CREATE TABLE public.leave_requests (
    id integer NOT NULL,
    user_id integer NOT NULL,
    start_date date NOT NULL,
    end_date date NOT NULL,
    comments text,
    status public.status DEFAULT 'pending'::public.status NOT NULL,
    leave_type public.leave_type NOT NULL,
    approved_by integer,
    created_at timestamp without time zone DEFAULT CURRENT_TIMESTAMP NOT NULL,
    days integer DEFAULT 0 NOT NULL
);


ALTER TABLE public.leave_requests OWNER TO adalovelace;

--
-- Name: leave_requests_id_seq; Type: SEQUENCE; Schema: public; Owner: adalovelace
--

CREATE SEQUENCE public.leave_requests_id_seq
    AS integer
    START WITH 1
    INCREMENT BY 1
    NO MINVALUE
    NO MAXVALUE
    CACHE 1;


ALTER SEQUENCE public.leave_requests_id_seq OWNER TO adalovelace;

--
-- Name: leave_requests_id_seq; Type: SEQUENCE OWNED BY; Schema: public; Owner: adalovelace
--

ALTER SEQUENCE public.leave_requests_id_seq OWNED BY public.leave_requests.id;


--
-- Name: notifications; Type: TABLE; Schema: public; Owner: adalovelace
--

CREATE TABLE public.notifications (
    id integer NOT NULL,
    recipient_id integer NOT NULL,
    leave_request_id integer,
    message text NOT NULL,
    is_read boolean DEFAULT false NOT NULL,
    created_at timestamp with time zone DEFAULT CURRENT_TIMESTAMP NOT NULL
);


ALTER TABLE public.notifications OWNER TO adalovelace;

--
-- Name: notifications_id_seq; Type: SEQUENCE; Schema: public; Owner: adalovelace
--

CREATE SEQUENCE public.notifications_id_seq
    AS integer
    START WITH 1
    INCREMENT BY 1
    NO MINVALUE
    NO MAXVALUE
    CACHE 1;


ALTER SEQUENCE public.notifications_id_seq OWNER TO adalovelace;

--
-- Name: notifications_id_seq; Type: SEQUENCE OWNED BY; Schema: public; Owner: adalovelace
--

ALTER SEQUENCE public.notifications_id_seq OWNED BY public.notifications.id;


--
-- Name: teams; Type: TABLE; Schema: public; Owner: adalovelace
--

CREATE TABLE public.teams (
    id integer NOT NULL,
    name character varying(255) NOT NULL,
    team_lead_id integer
);


ALTER TABLE public.teams OWNER TO adalovelace;

--
-- Name: teams_id_seq; Type: SEQUENCE; Schema: public; Owner: adalovelace
--

CREATE SEQUENCE public.teams_id_seq
    AS integer
    START WITH 1
    INCREMENT BY 1
    NO MINVALUE
    NO MAXVALUE
    CACHE 1;


ALTER SEQUENCE public.teams_id_seq OWNER TO adalovelace;

--
-- Name: teams_id_seq; Type: SEQUENCE OWNED BY; Schema: public; Owner: adalovelace
--

ALTER SEQUENCE public.teams_id_seq OWNED BY public.teams.id;


--
-- Name: user_profiles; Type: TABLE; Schema: public; Owner: adalovelace
--

CREATE TABLE public.user_profiles (
    user_id integer NOT NULL,
    bio text,
    preferences jsonb
);


ALTER TABLE public.user_profiles OWNER TO adalovelace;

--
-- Name: users; Type: TABLE; Schema: public; Owner: adalovelace
--

CREATE TABLE public.users (
    id integer NOT NULL,
    username character varying(255) NOT NULL,
    password_hash character varying(255) NOT NULL,
    email character varying(255) NOT NULL,
    role public.role NOT NULL,
    name character varying(255),
    team_id integer NOT NULL,
    created_at timestamp without time zone DEFAULT CURRENT_TIMESTAMP,
    job_title character varying(255) DEFAULT 'Engineering Officer'::character varying,
    available_leaves integer DEFAULT 21 NOT NULL,
    used_leaves integer DEFAULT 0 NOT NULL,
    overdue_leaves integer DEFAULT 0 NOT NULL
);


ALTER TABLE public.users OWNER TO adalovelace;

--
-- Name: users_id_seq; Type: SEQUENCE; Schema: public; Owner: adalovelace
--

CREATE SEQUENCE public.users_id_seq
    AS integer
    START WITH 1
    INCREMENT BY 1
    NO MINVALUE
    NO MAXVALUE
    CACHE 1;


ALTER SEQUENCE public.users_id_seq OWNER TO adalovelace;

--
-- Name: users_id_seq; Type: SEQUENCE OWNED BY; Schema: public; Owner: adalovelace
--

ALTER SEQUENCE public.users_id_seq OWNED BY public.users.id;


--
-- Name: session; Type: TABLE; Schema: tower_sessions; Owner: adalovelace
--

CREATE TABLE tower_sessions.session (
    id text NOT NULL,
    data bytea NOT NULL,
    expiry_date timestamp with time zone NOT NULL
);


ALTER TABLE tower_sessions.session OWNER TO adalovelace;

--
-- Name: leave_requests id; Type: DEFAULT; Schema: public; Owner: adalovelace
--

ALTER TABLE ONLY public.leave_requests ALTER COLUMN id SET DEFAULT nextval('public.leave_requests_id_seq'::regclass);


--
-- Name: notifications id; Type: DEFAULT; Schema: public; Owner: adalovelace
--

ALTER TABLE ONLY public.notifications ALTER COLUMN id SET DEFAULT nextval('public.notifications_id_seq'::regclass);


--
-- Name: teams id; Type: DEFAULT; Schema: public; Owner: adalovelace
--

ALTER TABLE ONLY public.teams ALTER COLUMN id SET DEFAULT nextval('public.teams_id_seq'::regclass);


--
-- Name: users id; Type: DEFAULT; Schema: public; Owner: adalovelace
--

ALTER TABLE ONLY public.users ALTER COLUMN id SET DEFAULT nextval('public.users_id_seq'::regclass);


--
-- Data for Name: leave_requests; Type: TABLE DATA; Schema: public; Owner: adalovelace
--

COPY public.leave_requests (id, user_id, start_date, end_date, comments, status, leave_type, approved_by, created_at, days) FROM stdin;
1074	0	2025-06-05	2025-06-12	send to Tobi	approved	vacation	1321	2025-06-04 22:16:54.316023	6
1075	2124	2025-06-12	2025-06-13		approved	vacation	1321	2025-06-06 01:03:10.059879	2
913	3	2025-01-08	2025-01-22	test	approved	vacation	0	2025-01-15 21:58:21.392904	0
950	3	2025-02-10	2025-02-11		approved	maternity	0	2025-02-04 01:30:52.348385	0
951	3	2025-02-13	2025-02-27	Fiji	approved	vacation	0	2025-02-05 22:24:20.232544	0
975	3	2025-04-25	2025-04-29		approved	sick	0	2025-03-17 21:22:55.373551	0
972	3	2025-03-28	2025-03-31		approved	maternity	0	2025-03-17 21:19:29.650632	0
\.


--
-- Data for Name: notifications; Type: TABLE DATA; Schema: public; Owner: adalovelace
--

COPY public.notifications (id, recipient_id, leave_request_id, message, is_read, created_at) FROM stdin;
181	1321	1074	New leave request from Ada Lovelace	f	2025-06-04 22:16:54.483501+00
182	0	1074	Leave request: 1074 approved by Tobi HR	f	2025-06-04 23:50:59.011538+00
183	1321	1075	New leave request from Bully McGuire	f	2025-06-06 01:03:10.130115+00
184	2124	1075	Leave request: 1075 approved by Tobi HR	t	2025-06-06 01:03:29.544203+00
\.


--
-- Data for Name: teams; Type: TABLE DATA; Schema: public; Owner: adalovelace
--

COPY public.teams (id, name, team_lead_id) FROM stdin;
8664	Reverse Engineering	0
7	Echo	1648
8	AI Research	1864
1	Delta	1979
8624	DevOps Buffer	1
9	Quant Research	5
2	Alpha	7
6	Sabre	6
5	Hermes	2
10	Zenith	7
11	Systems Architecture	3
818	Human Resources	1321
\.


--
-- Data for Name: user_profiles; Type: TABLE DATA; Schema: public; Owner: adalovelace
--

COPY public.user_profiles (user_id, bio, preferences) FROM stdin;
\.


--
-- Data for Name: users; Type: TABLE DATA; Schema: public; Owner: adalovelace
--

COPY public.users (id, username, password_hash, email, role, name, team_id, created_at, job_title, available_leaves, used_leaves, overdue_leaves) FROM stdin;
0	Ada64	$argon2id$v=19$m=19456,t=2,p=1$7ONAHfiIw5aiLMnaj8a8PA$DASVh8BDf9iiDSsO4tUN7Vu8PdKADl9ypI1IhIQkwxE	adalovalace@64bit.com	admin	Ada Lovelace	8664	2024-07-02 01:53:07.7304	Principal Software Engineer	15	6	10
1	WorldBFree	BFree1972	worldbfree@64bit.com	admin	World B. Free	8624	2024-07-04 21:25:08.947246	\N	21	0	16
2111	Officer1	password1	officer1@64bit.com	officer	Officer One	1	2024-07-04 23:46:12.976711	\N	21	0	16
2114	Officer4	password4	officer4@64bit.com	officer	Officer Four	8	2024-07-04 23:46:12.976711	\N	21	0	16
2115	Officer5	password5	officer5@64bit.com	officer	Officer Five	8	2024-07-04 23:46:12.976711	\N	21	0	16
2113	Officer3	password3	officer3@64bit.com	officer	Officer Three	7	2024-07-04 23:46:12.976711	\N	21	0	16
2112	Officer2	password2	officer2@64bit.com	officer	Officer Two	1	2024-07-04 23:46:12.976711	\N	21	0	16
4	Morrigan	IrishNightWarrior	darkstalkers4@64bit.com	admin	Morrigan Aensland	7	2024-07-04 23:01:58.677471	\N	21	0	16
6	Beck	shanksvicecap	beckman@64bit.com	admin	Benn Beckman	6	2024-07-04 23:01:58.677471	\N	21	0	16
2	H3di	SpreadSpectrum	bluetoothqueen@64bit.com	admin	Hedy Lamarr	5	2024-07-04 23:01:58.677471	\N	21	0	16
21	revOfficer	$argon2id$v=19$m=12,t=3,p=1$b3l3azd5amQ2bzAwMDAwMA$Q5SGFeoi7keVZlMP9r/8dQ	rev@64bit.com	officer	Jason England	8664	2024-10-08 18:54:24.831033	Engineering Officer	21	0	16
2124	Bully2002	$argon2id$v=19$m=19456,t=2,p=1$st3nzvtOpHHleEi+pW5pGQ$OEhTUXAnWDLaFkTZ0VKdhmv6bW2LK1bo5EZ6l8z/ZFc	bmcgquire@company.com	human_resources	Bully McGuire	818	2025-06-06 01:01:45.278784	Hr Officer	19	2	0
1979	BBHood	GrannyHood	heavyartillery@64bit.com	admin	Baby Bonnie Hood	1	2024-07-04 22:16:10.879417	\N	21	0	16
1648	Felicia	Family	catqueen@64.com	admin	Felicia The Cat	7	2024-07-04 23:46:12.976711	\N	21	0	16
1864	Dimitri	MidnightBliss	maximodff@64.com	admin	Dimitri Maximoff	1	2024-07-04 23:46:12.976711	\N	21	0	16
7	Euler	1over2!	euler@64bit.com	admin	Leonhard Euler	2	2024-07-04 23:07:41.817186	\N	21	0	16
2117	Officer7	password7	officer7@64bit.com	officer	Officer Seven	11	2024-10-02 19:02:43.393611	Researcher	21	0	16
2118	Officer8	password8	officer8@64bit.com	officer	Officer Eight	11	2024-10-02 19:03:29.183622	Researcher	21	0	16
2119	Officer9	password9	officer9@64bit.com	officer	Officer Nine	11	2024-10-02 19:04:15.758406	Analyst	21	0	16
2120	Officer10	password10	officer10@64bit.com	officer	Officer Ten	11	2024-10-02 19:04:58.823291	Analyst	21	0	16
2121	Officer11	password11	officer11@64bit.com	officer	Officer Eleven	11	2024-10-02 19:06:01.914352	Developer	21	0	16
3	Hypatia	$argon2id$v=19$m=1024,t=3,p=1$dGs0cWI2MG9sYmQwMDAwMA$ZZk0deglTWWVLjCaUUylIA	mathameticsqueen@64bit.com	admin	Hypatia of Alexandria	8664	2024-07-04 23:01:58.677471	Minister of Mathematics	21	0	16
5	HannahFry	mathematicsoflove	hannahfry@64bit.com	admin	Hannah Fry	9	2024-07-04 23:01:58.677471	\N	21	0	16
1321	Tobi	$argon2id$v=19$m=12,t=3,p=1$cXY5a2RxNGhxemMwMDAwMA$nT5KIuVK9vJcRe4I2pj8vg	tobi@hr.com	human_resources	Tobi HR	818	2025-01-22 18:16:04.354542	Human Resource Manager	21	0	16
\.


--
-- Data for Name: session; Type: TABLE DATA; Schema: tower_sessions; Owner: adalovelace
--

COPY tower_sessions.session (id, data, expiry_date) FROM stdin;
_gUAoelDWaghZH317q2OaQ	\\x93c410698eadeef57d6421a85943e9a10005fe83af6178756d2d6c6f67696e2e6461746182a9617574685f68617368dc0049246172676f6e32696424763d3139246d3d31322c743d332c703d312463585935613252784e476878656d4d774d4441774d41246e54354b4975564b39764a635265344932706a387667a7757365725f6964cd0529b26178756d2d6d657373616765732e6461746182a86d6573736167657390b070656e64696e675f6d657373616765739183a164c0a16ca753756363657373a16dbe5375636365737366756c6c79206c6f6767656420696e20617320546f6269aa637372665f746f6b656ed9206530717676674c787457496f656d5652764e5355484c576b7848783230676d7799cd07e9cc9d162609ce1e50b70c000000	2025-06-06 22:38:09.508606+00
Nkh-4s3Epljt29llrtD3GQ	\\x93c41019f7d0ae65d9dbed58a6c4cde27e483683b26178756d2d6d657373616765732e6461746182a86d6573736167657390b070656e64696e675f6d657373616765739183a164c0a16ca753756363657373a16dbe5375636365737366756c6c79206c6f6767656420696e20617320546f6269aa637372665f746f6b656ed9204b4a47436467537a6f464859724643684c4a4270726634475776373161356359af6178756d2d6c6f67696e2e6461746182a9617574685f68617368dc0049246172676f6e32696424763d3139246d3d31322c743d332c703d312463585935613252784e476878656d4d774d4441774d41246e54354b4975564b39764a635265344932706a387667a7757365725f6964cd052999cd07e9cc9d170614ce2b950ab1000000	2025-06-06 23:06:20.731187+00
MDbBwSLWHR5_GzQUa2u67A	\\x93c410ecba6b6b14341b7f1e1dd622c1c1363083b26178756d2d6d657373616765732e6461746182a86d6573736167657390b070656e64696e675f6d657373616765739183a164c0a16ca753756363657373a16dbe5375636365737366756c6c79206c6f6767656420696e20617320546f6269af6178756d2d6c6f67696e2e6461746182a9617574685f68617368dc0049246172676f6e32696424763d3139246d3d31322c743d332c703d312463585935613252784e476878656d4d774d4441774d41246e54354b4975564b39764a635265344932706a387667a7757365725f6964cd0529aa637372665f746f6b656ed9203657576a6f464973674252334a45506133494b6d4a38536e4c35554766324a6599cd07e9cc9d170d11ce0b0b09cc000000	2025-06-06 23:13:17.185272+00
Lh6InlYM6hdJbH2da9Gfwg	\\x93c410c29fd16b9d7d6c4917ea0c569e881e2e83b26178756d2d6d657373616765732e6461746182a86d6573736167657390b070656e64696e675f6d657373616765739183a164c0a16ca753756363657373a16dbe5375636365737366756c6c79206c6f6767656420696e20617320546f6269af6178756d2d6c6f67696e2e6461746182a9617574685f68617368dc0049246172676f6e32696424763d3139246d3d31322c743d332c703d312463585935613252784e476878656d4d774d4441774d41246e54354b4975564b39764a635265344932706a387667a7757365725f6964cd0529aa637372665f746f6b656ed920655772684f424259514d706d564a4a63367157665a33796f6f6d56774274777099cd07e9cc9e000023ce208a42ea000000	2025-06-07 00:00:35.545932+00
HEBgHhkYFiZEZ2R7ubQ1vA	\\x93c410bc35b4b97b646744261618191e60401c83aa637372665f746f6b656ed92036686c47316a657635577176673875784859374e41696b304f45515373467274b26178756d2d6d657373616765732e6461746182a86d6573736167657390b070656e64696e675f6d657373616765739183a164c0a16ca753756363657373a16dbe5375636365737366756c6c79206c6f6767656420696e20617320546f6269af6178756d2d6c6f67696e2e6461746182a9617574685f68617368dc0049246172676f6e32696424763d3139246d3d31322c743d332c703d312463585935613252784e476878656d4d774d4441774d41246e54354b4975564b39764a635265344932706a387667a7757365725f6964cd052999cd07e9cc9e000c22ce08c5cd8c000000	2025-06-07 00:12:34.14718+00
C1ghAl6huLOU_B3W3byGrQ	\\x93c410ad86bcddd61dfc94b3b8a15e0221580b83af6178756d2d6c6f67696e2e6461746182a9617574685f68617368dc0049246172676f6e32696424763d3139246d3d31322c743d332c703d312463585935613252784e476878656d4d774d4441774d41246e54354b4975564b39764a635265344932706a387667a7757365725f6964cd0529aa637372665f746f6b656ed920747733426346666a30434d6d4e6178466b58343338766f305458636265524348b26178756d2d6d657373616765732e6461746182a86d6573736167657390b070656e64696e675f6d657373616765739183a164c0a16ca753756363657373a16dbe5375636365737366756c6c79206c6f6767656420696e20617320546f626999cd07e9cc9d011d0ace004f4677000000	2025-06-06 01:29:10.005195+00
q3jOkm13ZCcCWbaaab3tJQ	\\x93c41025edbd699ab659022764776d92ce78ab83af6178756d2d6c6f67696e2e6461746182a9617574685f68617368dc0049246172676f6e32696424763d3139246d3d31322c743d332c703d312463585935613252784e476878656d4d774d4441774d41246e54354b4975564b39764a635265344932706a387667a7757365725f6964cd0529aa637372665f746f6b656ed92058746f783855523547534676774f6141334d686f416b59734b6c496a34726167b26178756d2d6d657373616765732e6461746182a86d6573736167657390b070656e64696e675f6d657373616765739183a164c0a16ca753756363657373a16dbe5375636365737366756c6c79206c6f6767656420696e20617320546f626999cd07e9cc9e000f1ece3b02a87f000000	2025-06-07 00:15:30.990029+00
FpaDLCgsxfjXpmRYHtsC_w	\\x93c410ff02db1e5864a6d7f8c52c282c83961682b26178756d2d6d657373616765732e6461746182a86d6573736167657390b070656e64696e675f6d657373616765739183a164c0a16ca753756363657373a16dbe5375636365737366756c6c79206c6f6767656420696e20617320546f6269af6178756d2d6c6f67696e2e6461746182a9617574685f68617368dc0049246172676f6e32696424763d3139246d3d31322c743d332c703d312463585935613252784e476878656d4d774d4441774d41246e54354b4975564b39764a635265344932706a387667a7757365725f6964cd052999cd07e9cc9d011e06ce08aea6fd000000	2025-06-06 01:30:06.145663+00
6fkAi-hGqdj-shjkYl7L6A	\\x93c410e8cb5e62e418b2fed8a946e88b00f9e983b26178756d2d6d657373616765732e6461746182a86d6573736167657390b070656e64696e675f6d657373616765739183a164c0a16ca753756363657373a16dbe5375636365737366756c6c79206c6f6767656420696e20617320546f6269aa637372665f746f6b656ed920774146756f6a33486f64566837746e613444733459567430467549495549634eaf6178756d2d6c6f67696e2e6461746182a9617574685f68617368dc0049246172676f6e32696424763d3139246d3d31322c743d332c703d312463585935613252784e476878656d4d774d4441774d41246e54354b4975564b39764a635265344932706a387667a7757365725f6964cd052999cd07e9cc9e001f34ce39a4c532000000	2025-06-07 00:31:52.967099+00
56m9Tjsa8ccepSwwLt6_Sg	\\x93c4104abfde2e302ca51ec7f11a3b4ebda9e783af6178756d2d6c6f67696e2e6461746182a9617574685f68617368dc0049246172676f6e32696424763d3139246d3d31322c743d332c703d312463585935613252784e476878656d4d774d4441774d41246e54354b4975564b39764a635265344932706a387667a7757365725f6964cd0529b26178756d2d6d657373616765732e6461746182a86d6573736167657390b070656e64696e675f6d657373616765739183a164c0a16ca753756363657373a16dbe5375636365737366756c6c79206c6f6767656420696e20617320546f6269aa637372665f746f6b656ed9206b427055634b45557276646643394a463449795a3869363273484c667831766399cd07e9cc9e00283ace0a639a50000000	2025-06-07 00:40:58.174299+00
PtlGNeofF5aAI-m-LXPuIA	\\x93c41020ee732dbee9238096171fea3546d93e83aa637372665f746f6b656ed9204d304b62704d45665a3455554a666266376a34494d414e6e6f4f61486b704b47b26178756d2d6d657373616765732e6461746182a86d6573736167657390b070656e64696e675f6d657373616765739183a164c0a16ca753756363657373a16dbe5375636365737366756c6c79206c6f6767656420696e20617320546f6269af6178756d2d6c6f67696e2e6461746182a9617574685f68617368dc0049246172676f6e32696424763d3139246d3d31322c743d332c703d312463585935613252784e476878656d4d774d4441774d41246e54354b4975564b39764a635265344932706a387667a7757365725f6964cd052999cd07e9cc9d012007ce13ade176000000	2025-06-06 01:32:07.330162+00
1d0MxHhbJcGZMWGMco5lrQ	\\x93c410ad658e728c613199c1255b78c40cddd583af6178756d2d6c6f67696e2e6461746182a9617574685f68617368dc0049246172676f6e32696424763d3139246d3d31322c743d332c703d312463585935613252784e476878656d4d774d4441774d41246e54354b4975564b39764a635265344932706a387667a7757365725f6964cd0529b26178756d2d6d657373616765732e6461746182a86d6573736167657390b070656e64696e675f6d657373616765739183a164c0a16ca753756363657373a16dbe5375636365737366756c6c79206c6f6767656420696e20617320546f6269aa637372665f746f6b656ed9204976364d7245777a7654464659745133577744637a4e7675516578626f70694199cd07e9cc9e002c32ce27c32cf5000000	2025-06-07 00:44:50.667102+00
W6iv1D_ZhVTdshzmAfBUMA	\\x93c4103054f001e61cb2dd5485d93fd4afa85b83b26178756d2d6d657373616765732e6461746182a86d6573736167657390b070656e64696e675f6d657373616765739183a164c0a16ca753756363657373a16dbe5375636365737366756c6c79206c6f6767656420696e20617320546f6269af6178756d2d6c6f67696e2e6461746182a9617574685f68617368dc0049246172676f6e32696424763d3139246d3d31322c743d332c703d312463585935613252784e476878656d4d774d4441774d41246e54354b4975564b39764a635265344932706a387667a7757365725f6964cd0529aa637372665f746f6b656ed92038636d366274386b6e4d4b58456d584544576c4f6c7952586b4e624f7269754f99cd07e9cc9e01011fce10116b72000000	2025-06-07 01:01:31.269577+00
3t8jG822Hc8k3k68o9lfqg	\\x93c410aa5fd9a3bc4ede24cf1db6cd1b23dfde83af6178756d2d6c6f67696e2e6461746182a9617574685f68617368dc0049246172676f6e32696424763d3139246d3d31322c743d332c703d312463585935613252784e476878656d4d774d4441774d41246e54354b4975564b39764a635265344932706a387667a7757365725f6964cd0529b26178756d2d6d657373616765732e6461746182a86d6573736167657390b070656e64696e675f6d657373616765739183a164c0a16ca753756363657373a16dbe5375636365737366756c6c79206c6f6767656420696e20617320546f6269aa637372665f746f6b656ed9206c754e437676323243566d7a694662785165325546667656527a6e5049364a6699cd07e9cc9d142e01ce07e36c50000000	2025-06-06 20:46:01.132344+00
Lfv196TxtaS6exh3E5FP7w	\\x93c410ef4f911377187bbaa4b5f1a4f7f5fb2d83aa637372665f746f6b656ed9203566314833725335727874664e59615577674a596834623045376c39526b4161b26178756d2d6d657373616765732e6461746182a86d657373616765739183a164c0a16ca753756363657373a16dbf5375636365737366756c6c79206c6f6767656420696e206173204164613634b070656e64696e675f6d657373616765739183a164c0a16ca753756363657373a16dbe5375636365737366756c6c79206c6f6767656420696e20617320546f6269af6178756d2d6c6f67696e2e6461746182a9617574685f68617368dc0049246172676f6e32696424763d3139246d3d31322c743d332c703d312463585935613252784e476878656d4d774d4441774d41246e54354b4975564b39764a635265344932706a387667a7757365725f6964cd052999cd07e9cc9d161502ce0950c990000000	2025-06-06 22:21:02.156289+00
j04uvayZG0Evm9_3E_pjaQ	\\x93c4106963fa13f7df9b2f411b99acbd2e4e8f83aa637372665f746f6b656ed920335a76755369493134613144464378644a5a58696f486f543749555442473266b26178756d2d6d657373616765732e6461746182a86d6573736167657390b070656e64696e675f6d657373616765739183a164c0a16ca753756363657373a16dbe5375636365737366756c6c79206c6f6767656420696e20617320546f6269af6178756d2d6c6f67696e2e6461746182a9617574685f68617368dc0049246172676f6e32696424763d3139246d3d31322c743d332c703d312463585935613252784e476878656d4d774d4441774d41246e54354b4975564b39764a635265344932706a387667a7757365725f6964cd052999cd07e9cc9d170420ce277500eb000000	2025-06-06 23:04:32.661979+00
9NPwsflDm-VftSzMCFtimA	\\x93c41098625b08cc2cb55fe59b43f9b1f0d3f483b26178756d2d6d657373616765732e6461746182a86d6573736167657390b070656e64696e675f6d657373616765739183a164c0a16ca753756363657373a16dbe5375636365737366756c6c79206c6f6767656420696e20617320546f6269af6178756d2d6c6f67696e2e6461746182a9617574685f68617368dc0049246172676f6e32696424763d3139246d3d31322c743d332c703d312463585935613252784e476878656d4d774d4441774d41246e54354b4975564b39764a635265344932706a387667a7757365725f6964cd0529aa637372665f746f6b656ed920687771755769363057366766474259624f3664693175693236394b54447a574899cd07e9cc9d170917ce091cdfb7000000	2025-06-06 23:09:23.152887+00
fhbIQbcNqzY8y1eriEccQg	\\x93c410421c4788ab57cb3c36ab0db741c8167e83af6178756d2d6c6f67696e2e6461746182a9617574685f68617368dc0049246172676f6e32696424763d3139246d3d31322c743d332c703d312463585935613252784e476878656d4d774d4441774d41246e54354b4975564b39764a635265344932706a387667a7757365725f6964cd0529b26178756d2d6d657373616765732e6461746182a86d6573736167657390b070656e64696e675f6d657373616765739183a164c0a16ca753756363657373a16dbe5375636365737366756c6c79206c6f6767656420696e20617320546f6269aa637372665f746f6b656ed9203368706469386d657a3271516b7775343674516c4633376e43306d3977495a3199cd07e9cc9d173900ce1792fb18000000	2025-06-06 23:57:00.395508+00
jH60YFSq6paw_2oTY6XsHg	\\x93c4101eeca563136affb096eaaa5460b47e8c83aa637372665f746f6b656ed9204335305458476659316b7a413258315a59746c445a4253715349646e6344374db26178756d2d6d657373616765732e6461746182a86d6573736167657390b070656e64696e675f6d657373616765739183a164c0a16ca753756363657373a16dbe5375636365737366756c6c79206c6f6767656420696e20617320546f6269af6178756d2d6c6f67696e2e6461746182a9617574685f68617368dc0049246172676f6e32696424763d3139246d3d31322c743d332c703d312463585935613252784e476878656d4d774d4441774d41246e54354b4975564b39764a635265344932706a387667a7757365725f6964cd052999cd07e9cc9d011a06ce19889f6a000000	2025-06-06 01:26:06.428384+00
1p6TlLrmyl7vjC4RKzWj_g	\\x93c410fea3352b112e8cef5ecae6ba94939ed683aa637372665f746f6b656ed920755453796c623479326f5731426b6d6976594b79537834794b4d535156567179af6178756d2d6c6f67696e2e6461746182a9617574685f68617368dc0061246172676f6e32696424763d3139246d3d31393435362c743d322c703d3124374f4e4148666949773561694c4d6e616a3861385041244441535668384244663969694453734f3474554e3756753850644b41446c3979704931496849516b777845a7757365725f696400b26178756d2d6d657373616765732e6461746182a86d6573736167657390b070656e64696e675f6d657373616765739183a164c0a16ca753756363657373a16dbf5375636365737366756c6c79206c6f6767656420696e20617320416461363499cd07e9cc9d011d2ace0cac1b56000000	2025-06-06 01:29:42.212605+00
yO2565qsb40B2KJVUcITLQ	\\x93c4102d13c25155a2d8018d6fac9aebb9edc883af6178756d2d6c6f67696e2e6461746182a9617574685f68617368dc0049246172676f6e32696424763d3139246d3d31322c743d332c703d312463585935613252784e476878656d4d774d4441774d41246e54354b4975564b39764a635265344932706a387667a7757365725f6964cd0529b26178756d2d6d657373616765732e6461746182a86d6573736167657390b070656e64696e675f6d657373616765739183a164c0a16ca753756363657373a16dbe5375636365737366756c6c79206c6f6767656420696e20617320546f6269aa637372665f746f6b656ed920547973743967596c4a4e786462774362387376565565684b616857796a4e723899cd07e9cc9e000b10ce2302e52f000000	2025-06-07 00:11:16.587392+00
nMCBDspoYXpjdvj8eziAcg	\\x93c4107280387bfcf876637a6168ca0e81c09c83af6178756d2d6c6f67696e2e6461746182a9617574685f68617368dc0049246172676f6e32696424763d3139246d3d31322c743d332c703d312463585935613252784e476878656d4d774d4441774d41246e54354b4975564b39764a635265344932706a387667a7757365725f6964cd0529aa637372665f746f6b656ed9206159487879516f4f5132304c37325846614d4f32533077567772556c38424858b26178756d2d6d657373616765732e6461746182a86d6573736167657390b070656e64696e675f6d657373616765739183a164c0a16ca753756363657373a16dbe5375636365737366756c6c79206c6f6767656420696e20617320546f626999cd07e9cc9d161219ce1b4a2aa9000000	2025-06-06 22:18:25.457845+00
ymOP1Pk2Ehj9MpXPyX8RQA	\\x93c41040117fc9cf9532fd181236f9d48f63ca83af6178756d2d6c6f67696e2e6461746182a9617574685f68617368dc0049246172676f6e32696424763d3139246d3d31322c743d332c703d312463585935613252784e476878656d4d774d4441774d41246e54354b4975564b39764a635265344932706a387667a7757365725f6964cd0529b26178756d2d6d657373616765732e6461746182a86d6573736167657390b070656e64696e675f6d657373616765739183a164c0a16ca753756363657373a16dbe5375636365737366756c6c79206c6f6767656420696e20617320546f6269aa637372665f746f6b656ed92033316b46394548475a547978394a64517933414848616a34767366785978454599cd07e9cc9e000d0ace2e31f48d000000	2025-06-07 00:13:10.775025+00
z2seYv6Vhz8n1N9OxEJWIg	\\x93c410225642c44edfd4273f8795fe621e6bcf83b26178756d2d6d657373616765732e6461746182a86d6573736167657390b070656e64696e675f6d657373616765739183a164c0a16ca753756363657373a16dbe5375636365737366756c6c79206c6f6767656420696e20617320546f6269aa637372665f746f6b656ed92079397870756b687574615058545251414975705a6238576d6e664b5261595536af6178756d2d6c6f67696e2e6461746182a9617574685f68617368dc0049246172676f6e32696424763d3139246d3d31322c743d332c703d312463585935613252784e476878656d4d774d4441774d41246e54354b4975564b39764a635265344932706a387667a7757365725f6964cd052999cd07e9cc9d161711ce1bdaac2f000000	2025-06-06 22:23:17.467315+00
AzrxEY-TgvPQWFjhq7lvww	\\x93c410c36fb9abe15858d0f382938f11f13a0383b26178756d2d6d657373616765732e6461746182a86d6573736167657390b070656e64696e675f6d657373616765739183a164c0a16ca753756363657373a16dbe5375636365737366756c6c79206c6f6767656420696e20617320546f6269af6178756d2d6c6f67696e2e6461746182a9617574685f68617368dc0049246172676f6e32696424763d3139246d3d31322c743d332c703d312463585935613252784e476878656d4d774d4441774d41246e54354b4975564b39764a635265344932706a387667a7757365725f6964cd0529aa637372665f746f6b656ed92032475a3973774b364862766378375a615876344449786b5a7a6f69613342424c99cd07e9cc9e00170ace04ea2895000000	2025-06-07 00:23:10.082454+00
ihtXA_sxSE8u4Jh0s_1cbQ	\\x93c4106d5cfdb37498e02e4f4831fb03571b8a83af6178756d2d6c6f67696e2e6461746182a9617574685f68617368dc0049246172676f6e32696424763d3139246d3d31322c743d332c703d312463585935613252784e476878656d4d774d4441774d41246e54354b4975564b39764a635265344932706a387667a7757365725f6964cd0529b26178756d2d6d657373616765732e6461746182a86d6573736167657390b070656e64696e675f6d657373616765739183a164c0a16ca753756363657373a16dbe5375636365737366756c6c79206c6f6767656420696e20617320546f6269aa637372665f746f6b656ed9205135654e6e6b787961614966484d7539384b6634466650437a3669656f574e6e99cd07e9cc9e002100ce15bbbc69000000	2025-06-07 00:33:00.364625+00
dMiGA9S0b879gBre-D0sug	\\x93c410ba2c3df8de1a80fdce6fb4d40386c87483af6178756d2d6c6f67696e2e6461746182a9617574685f68617368dc0049246172676f6e32696424763d3139246d3d31322c743d332c703d312463585935613252784e476878656d4d774d4441774d41246e54354b4975564b39764a635265344932706a387667a7757365725f6964cd0529b26178756d2d6d657373616765732e6461746182a86d6573736167657390b070656e64696e675f6d657373616765739183a164c0a16ca753756363657373a16dbe5375636365737366756c6c79206c6f6767656420696e20617320546f6269aa637372665f746f6b656ed920674e4b5172483232503969575a6a41584b765456756554354f7032365a65765399cd07e9cc9e002a17ce21654a6a000000	2025-06-07 00:42:23.560286+00
LGp0Zh3qdLonpk72kfU_VA	\\x93c410543ff591f64ea627ba74ea1d66746a2c83af6178756d2d6c6f67696e2e6461746182a9617574685f68617368dc0049246172676f6e32696424763d3139246d3d31322c743d332c703d312463585935613252784e476878656d4d774d4441774d41246e54354b4975564b39764a635265344932706a387667a7757365725f6964cd0529aa637372665f746f6b656ed920436345473530706557577a3678526451447678394946563663696769424f4464b26178756d2d6d657373616765732e6461746182a86d6573736167657390b070656e64696e675f6d657373616765739183a164c0a16ca753756363657373a16dbe5375636365737366756c6c79206c6f6767656420696e20617320546f626999cd07e9cc9e003004ce2377aecf000000	2025-06-07 00:48:04.595046+00
w2dB4Gwsl33Gwx1dEGPyTA	\\x93c4104cf263105d1dc3c67d972c6ce04167c383af6178756d2d6c6f67696e2e6461746182a9617574685f68617368dc0049246172676f6e32696424763d3139246d3d31322c743d332c703d312463585935613252784e476878656d4d774d4441774d41246e54354b4975564b39764a635265344932706a387667a7757365725f6964cd0529aa637372665f746f6b656ed9204935486134686a6256316c324542426e69373355344757796c69434b3551436ab26178756d2d6d657373616765732e6461746182a86d6573736167657390b070656e64696e675f6d657373616765739183a164c0a16ca753756363657373a16dbe5375636365737366756c6c79206c6f6767656420696e20617320546f626999cd07e9cc9d161b0bce373efaa9000000	2025-06-06 22:27:11.926874+00
JiTev_XLZfMwCHlF-THWkA	\\x93c41090d631f945790830f365cbf5bfde242682b26178756d2d6d657373616765732e6461746182a86d6573736167657390b070656e64696e675f6d657373616765739183a164c0a16ca753756363657373a16dd9235375636365737366756c6c79206c6f6767656420696e2061732042756c6c7932303032af6178756d2d6c6f67696e2e6461746182a9617574685f68617368dc0061246172676f6e32696424763d3139246d3d31393435362c743d322c703d31247374336e7a76744f7048486c6545692b705735704751244f4568545558416e57444c61466b545a30564b64686d76366257324c4b31626f35455a366c387a2f5a4663a7757365725f6964cd084c99cd07e9cc9e010323ce1cc03212000000	2025-06-07 01:03:35.482357+00
\.


--
-- Name: leave_requests_id_seq; Type: SEQUENCE SET; Schema: public; Owner: adalovelace
--

SELECT pg_catalog.setval('public.leave_requests_id_seq', 1075, true);


--
-- Name: notifications_id_seq; Type: SEQUENCE SET; Schema: public; Owner: adalovelace
--

SELECT pg_catalog.setval('public.notifications_id_seq', 184, true);


--
-- Name: teams_id_seq; Type: SEQUENCE SET; Schema: public; Owner: adalovelace
--

SELECT pg_catalog.setval('public.teams_id_seq', 11, true);


--
-- Name: users_id_seq; Type: SEQUENCE SET; Schema: public; Owner: adalovelace
--

SELECT pg_catalog.setval('public.users_id_seq', 2124, true);


--
-- Name: leave_requests leave_requests_pkey; Type: CONSTRAINT; Schema: public; Owner: adalovelace
--

ALTER TABLE ONLY public.leave_requests
    ADD CONSTRAINT leave_requests_pkey PRIMARY KEY (id);


--
-- Name: notifications notifications_pkey; Type: CONSTRAINT; Schema: public; Owner: adalovelace
--

ALTER TABLE ONLY public.notifications
    ADD CONSTRAINT notifications_pkey PRIMARY KEY (id);


--
-- Name: teams teams_name_key; Type: CONSTRAINT; Schema: public; Owner: adalovelace
--

ALTER TABLE ONLY public.teams
    ADD CONSTRAINT teams_name_key UNIQUE (name);


--
-- Name: teams teams_pkey; Type: CONSTRAINT; Schema: public; Owner: adalovelace
--

ALTER TABLE ONLY public.teams
    ADD CONSTRAINT teams_pkey PRIMARY KEY (id);


--
-- Name: user_profiles user_profiles_pkey; Type: CONSTRAINT; Schema: public; Owner: adalovelace
--

ALTER TABLE ONLY public.user_profiles
    ADD CONSTRAINT user_profiles_pkey PRIMARY KEY (user_id);


--
-- Name: users users_email_key; Type: CONSTRAINT; Schema: public; Owner: adalovelace
--

ALTER TABLE ONLY public.users
    ADD CONSTRAINT users_email_key UNIQUE (email);


--
-- Name: users users_pkey; Type: CONSTRAINT; Schema: public; Owner: adalovelace
--

ALTER TABLE ONLY public.users
    ADD CONSTRAINT users_pkey PRIMARY KEY (id);


--
-- Name: users users_username_key; Type: CONSTRAINT; Schema: public; Owner: adalovelace
--

ALTER TABLE ONLY public.users
    ADD CONSTRAINT users_username_key UNIQUE (username);


--
-- Name: session session_pkey; Type: CONSTRAINT; Schema: tower_sessions; Owner: adalovelace
--

ALTER TABLE ONLY tower_sessions.session
    ADD CONSTRAINT session_pkey PRIMARY KEY (id);


--
-- Name: session_expiry_idx; Type: INDEX; Schema: tower_sessions; Owner: adalovelace
--

CREATE INDEX session_expiry_idx ON tower_sessions.session USING btree (expiry_date);


--
-- Name: leave_requests leave_requests_approved_by_fkey; Type: FK CONSTRAINT; Schema: public; Owner: adalovelace
--

ALTER TABLE ONLY public.leave_requests
    ADD CONSTRAINT leave_requests_approved_by_fkey FOREIGN KEY (approved_by) REFERENCES public.users(id);


--
-- Name: leave_requests leave_requests_user_id_fkey; Type: FK CONSTRAINT; Schema: public; Owner: adalovelace
--

ALTER TABLE ONLY public.leave_requests
    ADD CONSTRAINT leave_requests_user_id_fkey FOREIGN KEY (user_id) REFERENCES public.users(id);


--
-- Name: notifications notifications_leave_request_id_fkey; Type: FK CONSTRAINT; Schema: public; Owner: adalovelace
--

ALTER TABLE ONLY public.notifications
    ADD CONSTRAINT notifications_leave_request_id_fkey FOREIGN KEY (leave_request_id) REFERENCES public.leave_requests(id) ON DELETE CASCADE;


--
-- Name: notifications notifications_recipient_id_fkey; Type: FK CONSTRAINT; Schema: public; Owner: adalovelace
--

ALTER TABLE ONLY public.notifications
    ADD CONSTRAINT notifications_recipient_id_fkey FOREIGN KEY (recipient_id) REFERENCES public.users(id) ON DELETE CASCADE;


--
-- Name: teams teams_team_lead_id_fkey; Type: FK CONSTRAINT; Schema: public; Owner: adalovelace
--

ALTER TABLE ONLY public.teams
    ADD CONSTRAINT teams_team_lead_id_fkey FOREIGN KEY (team_lead_id) REFERENCES public.users(id);


--
-- Name: user_profiles user_profiles_user_id_fkey; Type: FK CONSTRAINT; Schema: public; Owner: adalovelace
--

ALTER TABLE ONLY public.user_profiles
    ADD CONSTRAINT user_profiles_user_id_fkey FOREIGN KEY (user_id) REFERENCES public.users(id);


--
-- Name: users users_team_id_dkey; Type: FK CONSTRAINT; Schema: public; Owner: adalovelace
--

ALTER TABLE ONLY public.users
    ADD CONSTRAINT users_team_id_dkey FOREIGN KEY (team_id) REFERENCES public.teams(id) DEFERRABLE INITIALLY DEFERRED;


--
-- PostgreSQL database dump complete
--

